radio,mcc,net,area,cell,unit,lon,lat,range_,samples,changeable,created,updated,averagesig,county,subcounty,ward
GSM,639,2,295,16645,0,34.700317,0.119247,3473,6,1,1377427249,1435584144,0,Vihiga,Sabatia Sub County,West Sabatia Ward
GSM,639,2,310,37284,0,34.579468,0.046692,1000,2,1,1387120297,1387100559,0,Vihiga,Emuhaya Sub County,West Bunyore Ward
GSM,639,2,310,37286,0,34.582901,0.031586,1000,2,1,1387120416,1387100677,0,Vihiga,Emuhaya Sub County,West Bunyore Ward
GSM,639,2,267,16696,0,34.74678,0.118332,1778,3,1,1418568883,1435584144,0,Vihiga,Sabatia Sub County,Chavakali Ward
GSM,639,2,5009,6082,0,34.733963,0.009613,1000,2,1,1473321963,1488861626,0,Vihiga,Hamisi Sub County,Jepkoyai Ward
GSM,639,2,5009,37091,0,34.72297668,0.048751831,1000,1,1,1458832661,1432280828,0,Vihiga,Vihiga Sub County,Central Maragoli Ward
GSM,639,2,5009,775,0,34.741516,0.00824,3094,4,1,1458832661,1489789489,0,Vihiga,Hamisi Sub County,Jepkoyai Ward
GSM,639,2,5009,772,0,34.724075,0.048752,1000,5,1,1458832661,1489747665,0,Vihiga,Vihiga Sub County,Central Maragoli Ward
GSM,639,2,5009,1921,0,34.724007,0.051842,1000,4,1,1458832661,1488861626,0,Vihiga,Vihiga Sub County,Central Maragoli Ward
GSM,639,2,5009,1924,0,34.722977,0.058708,1000,4,1,1458832661,1488861626,0,Vihiga,Vihiga Sub County,Central Maragoli Ward
GSM,639,2,5009,1920,0,34.722977,0.056648,1000,4,1,1458832661,1488861626,0,Vihiga,Vihiga Sub County,Central Maragoli Ward
GSM,639,2,5009,776,0,34.731216,0.048752,1707,4,1,1458832661,1488861620,0,Vihiga,Vihiga Sub County,Central Maragoli Ward
GSM,639,2,5006,16561,0,34.78752136,0.153121948,1000,1,1,1458832661,1435584144,0,Vihiga,Sabatia Sub County,Busali Ward
GSM,639,2,5009,37090,0,34.72297668,0.048751831,1000,1,1,1458832661,1432280828,0,Vihiga,Vihiga Sub County,Central Maragoli Ward
GSM,639,2,5009,1922,0,34.724007,0.049438,1000,4,1,1458832661,1488861626,0,Vihiga,Vihiga Sub County,Central Maragoli Ward
GSM,639,2,5021,210,0,34.729843,0.029251,2995,5,1,1458832664,1489789489,0,Vihiga,Hamisi Sub County,Jepkoyai Ward
GSM,639,2,5066,621,0,34.72434998,0.048751831,1000,1,1,1458832680,1445674049,0,Vihiga,Vihiga Sub County,Central Maragoli Ward
GSM,639,2,5066,841,0,34.721947,0.072784,1000,4,1,1458832680,1488861626,0,Vihiga,Vihiga Sub County,Lugaga-wamuluma Ward
GSM,639,2,5066,624,0,34.71199036,0.111923218,1000,1,1,1458832680,1438560010,0,Vihiga,Sabatia Sub County,Chavakali Ward
GSM,639,2,5066,3901,0,34.722633,0.059395,1184,4,1,1458832680,1488861626,0,Vihiga,Vihiga Sub County,Central Maragoli Ward
GSM,639,2,5068,911,0,34.770355,0.091324,1000,2,1,1458832681,1479682914,0,Vihiga,Sabatia Sub County,North Maragoli Ward
GSM,639,2,5068,2176,0,34.781342,0.129776,3694,2,1,1458832681,1488861626,0,Vihiga,Sabatia Sub County,Busali Ward
GSM,639,2,5066,4605,0,34.722061,0.096817,1000,3,1,1458832680,1488861626,0,Vihiga,Sabatia Sub County,Lyaduywa/izava Ward
GSM,639,2,5066,4606,0,34.720688,0.091782,1000,3,1,1458832680,1488861626,0,Vihiga,Sabatia Sub County,Lyaduywa/izava Ward
GSM,639,2,5066,754,0,34.740829,0.129089,1000,2,1,1458832680,1473299262,0,Vihiga,Sabatia Sub County,West Sabatia Ward
GSM,639,2,5066,751,0,34.745636,0.11467,1000,2,1,1458832680,1473299262,0,Vihiga,Sabatia Sub County,Chavakali Ward
GSM,639,2,5068,2185,0,34.788208,0.10849,1207,2,1,1458832681,1473299266,0,Vihiga,Sabatia Sub County,Wodanga Ward
GSM,639,2,5068,914,0,34.781342,0.094757,1207,2,1,1458832681,1485336972,0,Vihiga,Sabatia Sub County,Wodanga Ward
GSM,639,2,5066,1911,0,34.73396301,0.140762329,1000,1,1,1458832680,1446200586,0,Vihiga,Sabatia Sub County,West Sabatia Ward
GSM,639,2,5067,1944,0,34.614029,0.028152,1000,3,1,1458832681,1483391100,0,Vihiga,Luanda Sub County,Wemilabi Ward
GSM,639,2,5068,2172,0,34.780655,0.094757,1135,2,1,1458832681,1479682914,0,Vihiga,Sabatia Sub County,Wodanga Ward
GSM,639,2,5066,3745,0,34.72160339,0.083084106,1000,1,1,1458832680,1440990937,0,Vihiga,Sabatia Sub County,Lyaduywa/izava Ward
GSM,639,2,5067,2901,0,34.60041,0.021629,1417,4,1,1458832681,1488116251,0,Vihiga,Luanda Sub County,Luanda Township Ward
GSM,639,2,5066,840,0,34.719543,0.105057,3013,4,1,1458832680,1488861626,0,Vihiga,Sabatia Sub County,Chavakali Ward
GSM,639,2,5066,845,0,34.724808,0.077133,1082,3,1,1458832680,1488861626,0,Vihiga,Vihiga Sub County,Lugaga-wamuluma Ward
GSM,639,2,5067,4542,0,34.586678,-0.012703,1413,4,1,1458832681,1479013687,0,Vihiga,Luanda Sub County,Luanda South Ward
GSM,639,2,5068,910,0,34.817047,0.089951,2970,2,1,1458832681,1489789489,0,Vihiga,Hamisi Sub County,Shamakhokho Ward
GSM,639,2,5067,2091,0,34.60899353,0.035018921,1000,1,1,1458832681,1438560010,0,Vihiga,Luanda Sub County,Wemilabi Ward
GSM,639,2,5068,912,0,34.769669,0.111465,1484,3,1,1458832681,1488861626,0,Vihiga,Sabatia Sub County,North Maragoli Ward
GSM,639,2,5066,4601,0,34.720688,0.092697,1000,3,1,1458832680,1488861626,0,Vihiga,Sabatia Sub County,Lyaduywa/izava Ward
GSM,639,2,5066,4600,0,34.7295,0.111237,1000,4,1,1458832680,1488861626,0,Vihiga,Sabatia Sub County,Chavakali Ward
GSM,639,2,5066,1915,0,34.74357605,0.136642456,1000,1,1,1458832680,1446200586,0,Vihiga,Sabatia Sub County,West Sabatia Ward
GSM,639,2,5066,750,0,34.738998,0.128403,1048,3,1,1458832680,1480510321,0,Vihiga,Sabatia Sub County,West Sabatia Ward
GSM,639,2,5066,752,0,34.727097,0.11055,1000,2,1,1458832680,1473299262,0,Vihiga,Sabatia Sub County,Chavakali Ward
GSM,639,2,5066,846,0,34.720573,0.077934,1000,4,1,1458832680,1488861626,0,Vihiga,Vihiga Sub County,Lugaga-wamuluma Ward
GSM,639,2,5067,370,0,34.58812,0.025131,1000,5,1,1458832680,1483391100,0,Vihiga,Luanda Sub County,Luanda Township Ward
GSM,639,2,5067,375,0,34.597549,0.014191,1000,6,1,1458832680,1482188589,0,Vihiga,Luanda Sub County,Emabungo Ward
GSM,639,2,5066,1916,0,34.738083,0.132523,1000,2,1,1458832680,1473299262,0,Vihiga,Sabatia Sub County,West Sabatia Ward
GSM,639,2,5067,2095,0,34.595261,0.023575,1000,3,1,1458832681,1469955451,0,Vihiga,Luanda Sub County,Luanda Township Ward
GSM,639,2,5066,844,0,34.72435,0.100021,1161,3,1,1458832680,1488861626,0,Vihiga,Sabatia Sub County,Lyaduywa/izava Ward
GSM,639,2,5068,915,0,34.770355,0.091324,1000,2,1,1458832681,1479682914,0,Vihiga,Sabatia Sub County,North Maragoli Ward
GSM,639,2,5068,2182,0,34.764175,0.119705,1000,3,1,1458832681,1479682914,0,Vihiga,Sabatia Sub County,Chavakali Ward
GSM,639,2,5067,1946,0,34.592056,0.020599,1000,6,1,1458832681,1483391100,0,Vihiga,Luanda Sub County,Luanda Township Ward
GSM,639,2,5066,4604,0,34.725723,0.111237,1000,4,1,1458832680,1488861620,0,Vihiga,Sabatia Sub County,Chavakali Ward
GSM,639,2,5066,4602,0,34.721146,0.096817,1000,3,1,1458832680,1488861626,0,Vihiga,Sabatia Sub County,Lyaduywa/izava Ward
GSM,639,2,5066,2331,0,34.727097,0.131836,1000,2,1,1458832680,1473299262,0,Vihiga,Sabatia Sub County,West Sabatia Ward
GSM,639,2,5066,755,0,34.765091,0.108261,1951,3,1,1458832680,1479682914,0,Vihiga,Sabatia Sub County,North Maragoli Ward
GSM,639,2,5066,756,0,34.72847,0.11261,1000,2,1,1458832680,1473299262,0,Vihiga,Sabatia Sub County,Chavakali Ward
GSM,639,2,5066,842,0,34.720779,0.073746,1193,5,1,1458832680,1488861626,0,Vihiga,Vihiga Sub County,Lugaga-wamuluma Ward
GSM,639,2,5066,620,0,34.76554871,0.122909546,1000,1,1,1458832680,1443767823,0,Vihiga,Sabatia Sub County,West Sabatia Ward
GSM,639,2,5068,916,0,34.776993,0.109634,1731,3,1,1458832681,1479682914,0,Vihiga,Sabatia Sub County,Wodanga Ward
GSM,639,2,5066,3902,0,34.69276428,0.069351196,1000,1,1,1458832680,1438688167,0,Vihiga,Vihiga Sub County,Lugaga-wamuluma Ward
GSM,639,2,5066,2335,0,34.741745,0.127487,1038,3,1,1458832680,1488861626,0,Vihiga,Sabatia Sub County,West Sabatia Ward
GSM,639,2,5067,371,0,34.598988,0.011673,1000,7,1,1458832680,1483391100,0,Vihiga,Luanda Sub County,Emabungo Ward
GSM,639,2,5067,374,0,34.586792,0.037766,4449,6,1,1458832680,1483391100,0,Vihiga,Luanda Sub County,Luanda Township Ward
GSM,639,2,5071,4746,0,34.740143,0.128403,1000,2,1,1458832683,1473299262,0,Vihiga,Sabatia Sub County,West Sabatia Ward
GSM,639,2,5123,5331,0,34.60144,0.021973,1947,2,1,1458832694,1463225422,0,Vihiga,Luanda Sub County,Luanda Township Ward
GSM,639,3,47,22209,0,34.587021,0.01387,3293,5,1,1458832699,1477801037,0,Vihiga,Luanda Sub County,Luanda South Ward
GSM,639,3,47,36907,0,34.580154,0.030899,1441,2,1,1458832700,1477800996,0,Vihiga,Emuhaya Sub County,West Bunyore Ward
GSM,639,3,47,26907,0,34.600754,0.01799,1729,5,1,1458832700,1491384677,0,Vihiga,Luanda Sub County,Luanda Township Ward
GSM,639,3,47,12219,0,34.823227,0.064545,1000,2,1,1458832699,1480048429,0,Vihiga,Hamisi Sub County,Banja Ward
GSM,639,3,47,16907,0,34.601097,0.046692,2322,4,1,1458832699,1480517538,0,Vihiga,Luanda Sub County,Luanda Township Ward
GSM,639,3,64,36906,0,34.55680847,0.081710815,1000,1,1,1458832717,1446729667,0,Vihiga,Emuhaya Sub County,West Bunyore Ward
GSM,639,3,64,26902,0,34.858246,0.120163,1000,2,1,1458832717,1465791788,0,Vihiga,Hamisi Sub County,Shiru Ward
GSM,639,3,64,20332,0,34.676971,0.078964,5347,2,1,1458832716,1471579048,0,Vihiga,Vihiga Sub County,Lugaga-wamuluma Ward
GSM,639,3,64,16909,0,34.616776,0.073471,4773,3,1,1458832716,1477800996,0,Vihiga,Emuhaya Sub County,Central Bunyore Ward
GSM,639,3,64,16906,0,34.78752136,0.091323853,1000,1,1,1458832716,1438688167,0,Vihiga,Sabatia Sub County,Wodanga Ward
GSM,639,3,64,26627,0,34.909744,0.168915,1675,2,1,1458832717,1465791788,0,Vihiga,Hamisi Sub County,Shiru Ward
GSM,639,3,64,36909,0,34.576721,0.035019,2444,4,1,1458832717,1481459702,0,Vihiga,Emuhaya Sub County,West Bunyore Ward
GSM,639,3,64,16901,0,34.695511,0.068893,6011,3,1,1458832716,1480048429,0,Vihiga,Vihiga Sub County,Lugaga-wamuluma Ward
GSM,639,3,64,16910,0,34.681778,0.079651,5028,2,1,1458832716,1471579048,0,Vihiga,Vihiga Sub County,Lugaga-wamuluma Ward
GSM,639,3,64,26905,0,34.84931946,0.087203979,1000,1,1,1458832717,1429053498,0,Vihiga,Hamisi Sub County,Shamakhokho Ward
GSM,639,3,64,22002,0,34.91661072,0.173721313,1000,1,1,1458832717,1429053500,0,Vihiga,Hamisi Sub County,Shiru Ward
GSM,639,3,64,34829,0,34.828262,0.086746,2485,3,1,1458832717,1477800996,0,Vihiga,Hamisi Sub County,Shamakhokho Ward
GSM,639,3,60,34808,0,34.915237,0.169144,1000,3,1,1458832713,1471579007,0,Vihiga,Hamisi Sub County,Shiru Ward
GSM,639,3,64,20411,0,34.647446,0.070724,3482,2,1,1458832716,1471579048,0,Vihiga,Emuhaya Sub County,North East Bunyore Ward
GSM,639,3,64,20417,0,34.60556,0.050468,2093,4,1,1458832716,1481955562,0,Vihiga,Emuhaya Sub County,Central Bunyore Ward
GSM,639,3,64,26910,0,34.593201,0.035019,1000,2,1,1458832717,1477800996,0,Vihiga,Luanda Sub County,Luanda Township Ward
UMTS,639,2,49331,137731988,0,34.6282196,0.041885376,1000,1,1,1458908206,1448969496,0,Vihiga,Luanda Sub County,Wemilabi Ward
UMTS,639,2,49331,137731758,0,34.62684631,0.041885376,1000,1,1,1458908206,1448969496,0,Vihiga,Luanda Sub County,Wemilabi Ward
UMTS,639,2,49331,137731987,0,34.6282196,0.040512085,1000,1,1,1458908206,1448969496,0,Vihiga,Luanda Sub County,Wemilabi Ward
UMTS,639,2,49331,137733227,0,34.62684631,0.03364563,1000,1,1,1458908206,1448969496,0,Vihiga,Luanda Sub County,Emabungo Ward
UMTS,639,3,304,371081,0,34.698047,0.065916,2333,2,1,1458908211,1494246394,0,Vihiga,Vihiga Sub County,Lugaga-wamuluma Ward
GSM,639,2,295,16530,0,34.73258972,0.117416382,1000,1,1,1458921025,1435584206,0,Vihiga,Sabatia Sub County,West Sabatia Ward
GSM,639,2,295,16534,0,34.73258972,0.116043091,1000,1,1,1458921025,1435584144,0,Vihiga,Sabatia Sub County,Chavakali Ward
GSM,639,2,267,37416,0,34.78752136,0.153121948,1000,1,1,1458921025,1435584144,0,Vihiga,Sabatia Sub County,Busali Ward
GSM,639,2,267,37322,0,34.8891449,0.149002075,1000,1,1,1458921025,1428833595,0,Vihiga,Hamisi Sub County,Shiru Ward
GSM,639,2,295,4600,0,34.73258972,0.117416382,1000,1,1,1458921025,1435584206,0,Vihiga,Sabatia Sub County,West Sabatia Ward
GSM,639,2,302,37712,0,34.91661072,0.166854858,1000,1,1,1458921025,1436489265,0,Vihiga,Hamisi Sub County,Shiru Ward
GSM,639,2,295,16532,0,34.73258972,0.117416382,1000,1,1,1458921025,1435584206,0,Vihiga,Sabatia Sub County,West Sabatia Ward
GSM,639,2,267,16692,0,34.73258972,0.117416382,1000,1,1,1458921025,1435584144,0,Vihiga,Sabatia Sub County,West Sabatia Ward
GSM,639,2,267,37400,0,34.78752136,0.153121948,1000,1,1,1458921025,1435584144,0,Vihiga,Sabatia Sub County,Busali Ward
GSM,639,2,295,16624,0,34.73258972,0.117416382,1000,1,1,1458921025,1435584144,0,Vihiga,Sabatia Sub County,West Sabatia Ward
GSM,639,2,295,38210,0,34.73258972,0.117416382,1000,1,1,1458921025,1435584206,0,Vihiga,Sabatia Sub County,West Sabatia Ward
GSM,639,2,267,37412,0,34.78752136,0.153121948,1000,1,1,1458921025,1435584144,0,Vihiga,Sabatia Sub County,Busali Ward
GSM,639,2,267,3560,0,34.88365173,0.143508911,1000,1,1,1458921025,1427071229,0,Vihiga,Hamisi Sub County,Shiru Ward
GSM,639,2,295,4604,0,34.73258972,0.116043091,1000,1,1,1458921025,1435584206,0,Vihiga,Sabatia Sub County,Chavakali Ward
GSM,639,2,295,16536,0,34.73258972,0.117416382,1000,1,1,1458921025,1435584206,0,Vihiga,Sabatia Sub County,West Sabatia Ward
GSM,639,2,295,37081,0,34.78752136,0.153121948,1000,1,1,1458921025,1435584144,0,Vihiga,Sabatia Sub County,Busali Ward
GSM,639,2,310,16422,0,34.55818176,0.07484436,1000,1,1,1458921026,1428332506,0,Vihiga,Emuhaya Sub County,West Bunyore Ward
GSM,639,2,310,15595,0,34.61174011,0.004806519,1000,1,1,1458921026,1425367593,0,Vihiga,Luanda Sub County,Emabungo Ward
GSM,639,2,295,16535,0,34.73121643,0.1146698,1000,1,1,1458921025,1435584144,0,Vihiga,Sabatia Sub County,Chavakali Ward
UMTS,639,2,46012,137672906,0,34.73121643,0.116043091,1000,1,1,1458921532,1430220894,0,Vihiga,Sabatia Sub County,West Sabatia Ward
UMTS,639,2,46016,137713308,0,34.78340149,0.098190308,1000,1,1,1458921534,1444100040,0,Vihiga,Sabatia Sub County,Wodanga Ward
UMTS,639,2,46016,137713318,0,34.78340149,0.12840271,1000,1,1,1458921534,1454416145,0,Vihiga,Sabatia Sub County,Busali Ward
UMTS,639,2,46016,137715678,0,34.58839417,-0.011672974,1000,1,1,1458921534,1450252308,0,Vihiga,Luanda Sub County,Luanda South Ward
UMTS,639,2,46016,137750792,0,34.58839417,0.000686646,1000,1,1,1458921534,1434352387,0,Vihiga,Luanda Sub County,Luanda South Ward
UMTS,639,2,46016,137750688,0,34.721603,0.086746,1000,3,1,1458921534,1476604033,0,Vihiga,Sabatia Sub County,Lyaduywa/izava Ward
UMTS,639,2,46012,137672896,0,34.81498718,0.151748657,1000,1,1,1458921532,1432282365,0,Vihiga,Sabatia Sub County,Busali Ward
UMTS,639,2,46016,137733657,0,34.557358,0.08226,2234,5,1,1458921534,1472895768,0,Vihiga,Emuhaya Sub County,West Bunyore Ward
UMTS,639,2,46016,137738428,0,34.766922,0.138016,1956,2,1,1458921534,1473299262,0,Vihiga,Sabatia Sub County,Busali Ward
UMTS,639,2,46016,137738441,0,34.737396,0.111923,1000,2,1,1458921534,1473299262,0,Vihiga,Sabatia Sub County,Chavakali Ward
UMTS,639,2,46016,137750686,0,34.71748352,0.088577271,1000,1,1,1458921534,1443367518,0,Vihiga,Sabatia Sub County,Lyaduywa/izava Ward
UMTS,639,2,46012,137672901,0,34.73121643,0.116043091,1000,1,1,1458921532,1430220894,0,Vihiga,Sabatia Sub County,West Sabatia Ward
UMTS,639,2,46016,137738437,0,34.731903,0.103683,1000,2,1,1458921534,1473299262,0,Vihiga,Sabatia Sub County,Lyaduywa/izava Ward
UMTS,639,2,46016,137738910,0,34.722977,0.054245,1000,3,1,1458921534,1473299226,0,Vihiga,Vihiga Sub County,Central Maragoli Ward
UMTS,639,2,46016,137735678,0,34.58564758,-0.018539429,1000,1,1,1458921534,1450252308,0,Vihiga,Luanda Sub County,Luanda South Ward
UMTS,639,2,46016,137750802,0,34.583588,0.034332,1000,6,1,1458921534,1469955481,0,Vihiga,Emuhaya Sub County,West Bunyore Ward
UMTS,639,2,46016,137751018,0,34.56916809,0.084457397,1000,1,1,1458921535,1432977985,0,Vihiga,Emuhaya Sub County,West Bunyore Ward
UMTS,639,2,46016,137750692,0,34.718857,0.087204,1000,2,1,1458921534,1473299226,0,Vihiga,Sabatia Sub County,Lyaduywa/izava Ward
UMTS,639,2,46016,137750798,0,34.58345,0.031998,1000,5,1,1458921534,1469955481,0,Vihiga,Emuhaya Sub County,West Bunyore Ward
GSM,639,3,267,3560,0,34.90562439,0.159988403,1000,1,1,1458941411,1429053500,0,Vihiga,Hamisi Sub County,Shiru Ward
GSM,639,3,302,4741,0,34.92073059,0.180587769,1000,1,1,1458941411,1429053498,0,Vihiga,Hamisi Sub County,Shiru Ward
GSM,639,7,14207,1242,0,34.756393,0.11879,1000,3,1,1458941423,1488861620,0,Vihiga,Sabatia Sub County,Chavakali Ward
GSM,639,7,14207,2072,0,34.784431,0.130463,7083,4,1,1466138829,1489747706,0,Vihiga,Sabatia Sub County,Busali Ward
GSM,639,2,5142,2522,0,34.57054138,0.083084106,1000,1,1,1485409635,1485386053,0,Vihiga,Emuhaya Sub County,West Bunyore Ward
GSM,639,7,14207,1042,0,34.579239,0.056534,3384,3,1,1459851801,1469088468,0,Vihiga,Emuhaya Sub County,West Bunyore Ward
GSM,639,7,14207,1012,0,34.587479,0.019455,1240,3,1,1459851801,1479013687,0,Vihiga,Luanda Sub County,Mwibona Ward
GSM,639,2,5071,741,0,34.84794617,0.125656128,1000,1,1,1460225420,1460203533,0,Vihiga,Hamisi Sub County,Shiru Ward
GSM,639,2,5068,926,0,34.823227,0.144882,3482,2,1,1460225420,1488861626,0,Vihiga,Hamisi Sub County,Muhudu Ward
GSM,639,2,5068,925,0,34.84794617,0.125656128,1000,2,1,1460225420,1478741670,0,Vihiga,Hamisi Sub County,Shiru Ward
GSM,639,2,5068,924,0,34.857559,0.127716,1093,2,1,1460225420,1490247170,0,Vihiga,Hamisi Sub County,Shiru Ward
GSM,639,2,5068,920,0,34.854126,0.127029,1000,2,1,1460225420,1490247170,0,Vihiga,Hamisi Sub County,Shiru Ward
UMTS,639,2,46016,137732108,0,34.58015442,0.063858032,1000,1,1,1463245733,1463225381,0,Vihiga,Emuhaya Sub County,West Bunyore Ward
UMTS,639,2,46016,137751021,0,34.563332,0.072784,1825,4,1,1463245734,1469955481,0,Vihiga,Emuhaya Sub County,West Bunyore Ward
UMTS,639,2,46016,137731798,0,34.572601,0.079651,1000,2,1,1463245733,1467630732,0,Vihiga,Emuhaya Sub County,West Bunyore Ward
GSM,639,2,5009,6086,0,34.691391,0.00206,7019,3,1,1463249132,1488861626,0,Vihiga,Vihiga Sub County,South Maragoli Ward
GSM,639,2,5123,5335,0,34.57740784,0.073471069,1000,1,1,1463249133,1463225422,0,Vihiga,Emuhaya Sub County,West Bunyore Ward
GSM,639,2,5119,2521,0,34.565506,0.079422,2354,3,1,1463249133,1469088468,0,Vihiga,Emuhaya Sub County,West Bunyore Ward
UMTS,639,2,46016,137733228,0,34.581253,0.037766,1000,5,1,1463249332,1472895768,0,Vihiga,Emuhaya Sub County,West Bunyore Ward
UMTS,639,2,46016,137733226,0,34.580154,0.054245,1000,4,1,1463249332,1472895768,0,Vihiga,Emuhaya Sub County,West Bunyore Ward
UMTS,639,2,46016,137750796,0,34.592972,0.018539,1000,3,1,1463249332,1469955481,0,Vihiga,Luanda Sub County,Luanda Township Ward
UMTS,639,2,46016,137750800,0,34.595718,0.01442,1000,3,1,1463249332,1469088468,0,Vihiga,Luanda Sub County,Emabungo Ward
UMTS,639,2,49331,137733657,0,34.556351,0.085831,1120,3,1,1463980021,1475485379,0,Vihiga,Emuhaya Sub County,West Bunyore Ward
GSM,639,2,5105,501,0,34.56367493,-0.029525757,1000,1,1,1464384936,1464146697,0,Vihiga,Luanda Sub County,Luanda South Ward
GSM,639,2,5105,502,0,34.56367493,-0.029525757,1000,1,1,1464384936,1464146697,0,Vihiga,Luanda Sub County,Luanda South Ward
GSM,639,7,14207,1041,0,34.57328796,0.077590942,1000,1,1,1464384937,1464146697,0,Vihiga,Emuhaya Sub County,West Bunyore Ward
GSM,639,7,14207,1043,0,34.57466125,0.076217651,1000,1,1,1464384937,1464146697,0,Vihiga,Emuhaya Sub County,West Bunyore Ward
GSM,639,7,14207,1021,0,34.57054138,0.083084106,1000,1,1,1464384937,1464146697,0,Vihiga,Emuhaya Sub County,West Bunyore Ward
GSM,639,7,14207,1253,0,34.659348,0.062943,8678,3,1,1464864702,1488861620,0,Vihiga,Luanda Sub County,Wemilabi Ward
GSM,639,3,64,36904,0,34.649735,0.092239,8623,3,1,1464890122,1476670908,0,Vihiga,Emuhaya Sub County,North East Bunyore Ward
UMTS,639,7,2002,19737591,0,34.721603,0.082397,1000,2,1,1465421770,1466851251,0,Vihiga,Vihiga Sub County,Lugaga-wamuluma Ward
GSM,639,3,64,14815,0,34.86717224,0.12840271,1000,1,1,1465812457,1465791788,0,Vihiga,Hamisi Sub County,Shiru Ward
UMTS,639,7,2002,19737588,0,34.720917,0.076904,1000,2,1,1466874760,1488861620,0,Vihiga,Vihiga Sub County,Lugaga-wamuluma Ward
GSM,639,2,5068,2184,0,34.81636,0.12291,3525,2,1,1467147742,1473299266,0,Vihiga,Sabatia Sub County,Busali Ward
GSM,639,2,5068,2192,0,34.84794617,0.125656128,1000,1,1,1467147742,1467107684,0,Vihiga,Hamisi Sub County,Shiru Ward
GSM,639,2,5067,6665,0,34.598694,0.015106,1000,4,1,1467652192,1483391100,0,Vihiga,Luanda Sub County,Emabungo Ward
UMTS,639,2,46016,137734037,0,34.58015442,0.069351196,1000,1,1,1467654251,1467630732,0,Vihiga,Emuhaya Sub County,West Bunyore Ward
UMTS,639,2,46016,137737798,0,34.58564758,0.025405884,1000,1,1,1467654252,1467630732,0,Vihiga,Luanda Sub County,Luanda Township Ward
UMTS,639,2,46016,137737797,0,34.59343,0.018082,1000,3,1,1467654251,1476518817,0,Vihiga,Luanda Sub County,Luanda Township Ward
GSM,639,2,5067,850,0,34.698257,0.047379,1535,2,1,1468048060,1469365722,0,Vihiga,Vihiga Sub County,Central Maragoli Ward
GSM,639,2,5067,854,0,34.71199036,0.046005249,1000,1,1,1468048060,1468025798,0,Vihiga,Vihiga Sub County,Central Maragoli Ward
GSM,639,2,5066,3746,0,34.71199036,0.046005249,1000,1,1,1468055110,1468034982,0,Vihiga,Vihiga Sub County,Central Maragoli Ward
GSM,639,2,5066,3742,0,34.71199036,0.046005249,1000,1,1,1468058713,1468035204,0,Vihiga,Vihiga Sub County,Central Maragoli Ward
UMTS,639,2,46016,137731757,0,34.70924377,0.036392212,1000,4,1,1468183757,1468164440,0,Vihiga,Vihiga Sub County,Central Maragoli Ward
GSM,639,7,14207,1273,0,34.675369,0.051041,10456,3,1,1468440224,1488861626,0,Vihiga,Vihiga Sub County,Lugaga-wamuluma Ward
GSM,639,7,14217,211,0,34.58152771,0.056991577,1000,1,1,1469117091,1469088468,0,Vihiga,Emuhaya Sub County,West Bunyore Ward
UMTS,639,2,46016,137735676,0,34.60212708,0.011672974,1000,1,1,1469118386,1469088468,0,Vihiga,Luanda Sub County,Emabungo Ward
UMTS,639,2,46016,137734036,0,34.57054138,0.083084106,1000,1,1,1469118385,1469088468,0,Vihiga,Emuhaya Sub County,West Bunyore Ward
UMTS,639,2,46016,137737796,0,34.582901,0.032272339,1000,1,1,1469118386,1469088466,0,Vihiga,Emuhaya Sub County,West Bunyore Ward
GSM,639,2,5067,6662,0,34.588394,0.023575,1000,3,1,1469118579,1483391100,0,Vihiga,Luanda Sub County,Luanda Township Ward
GSM,639,2,5119,661,0,34.57054138,0.081710815,1000,1,1,1469118579,1469088468,0,Vihiga,Emuhaya Sub County,West Bunyore Ward
GSM,639,2,5067,852,0,34.58152771,0.056991577,1000,1,1,1469387287,1469365705,0,Vihiga,Emuhaya Sub County,West Bunyore Ward
GSM,639,2,5067,855,0,34.58152771,0.056991577,1000,1,1,1469708691,1469676448,0,Vihiga,Emuhaya Sub County,West Bunyore Ward
GSM,639,2,5009,622,0,34.628677,0.038223,5643,3,1,1469708691,1483391100,0,Vihiga,Luanda Sub County,Emabungo Ward
GSM,639,7,14217,1281,0,34.657745,0.032272,8910,2,1,1469713419,1488861620,0,Vihiga,Vihiga Sub County,Mungoma Ward
GSM,639,2,5067,851,0,34.623516,0.062015,4699,2,1,1469839016,1509944355,0,Vihiga,Luanda Sub County,Wemilabi Ward
GSM,639,2,5067,6661,0,34.598923,0.01442,1130,3,1,1469979445,1485437188,0,Vihiga,Luanda Sub County,Emabungo Ward
GSM,639,2,5006,1861,0,34.57740784,0.095443726,1000,1,1,1471082726,1471059539,0,Vihiga,Emuhaya Sub County,West Bunyore Ward
UMTS,639,2,46016,137750687,0,34.722061,0.066147,1000,3,1,1471201519,1473299226,0,Vihiga,Vihiga Sub County,Central Maragoli Ward
UMTS,639,2,46016,137750691,0,34.721603,0.067978,1000,2,1,1471201519,1473299226,0,Vihiga,Vihiga Sub County,Lugaga-wamuluma Ward
UMTS,639,2,46016,137731977,0,34.72297668,0.062484741,1000,1,1,1471201519,1471178519,0,Vihiga,Vihiga Sub County,Central Maragoli Ward
GSM,639,3,64,20410,0,34.633026,0.125656,1224,2,1,1471603421,1491637605,0,Vihiga,Emuhaya Sub County,Central Bunyore Ward
GSM,639,3,64,32006,0,34.62547302,0.118789673,1000,1,1,1471603421,1471579048,0,Vihiga,Emuhaya Sub County,Central Bunyore Ward
UMTS,639,2,5503,150839820,0,34.832497,0.055275,12152,4,1,1471900305,1491016783,0,Vihiga,Hamisi Sub County,Banja Ward
GSM,639,2,5009,621,0,34.723434,0.0634,1000,3,1,1472195162,1488861620,0,Vihiga,Vihiga Sub County,Central Maragoli Ward
GSM,639,2,5066,3905,0,34.722977,0.067291,1000,2,1,1472195162,1473299254,0,Vihiga,Vihiga Sub County,Central Maragoli Ward
UMTS,639,2,46016,137738906,0,34.723663,0.056992,1000,2,1,1472195383,1473299226,0,Vihiga,Vihiga Sub County,Central Maragoli Ward
UMTS,639,2,49331,137750798,0,34.58564758,0.026779175,1000,2,1,1472533779,1473750754,0,Vihiga,Luanda Sub County,Luanda Township Ward
UMTS,639,2,49331,137733226,0,34.57878113,0.062484741,1000,1,1,1472533779,1472510723,0,Vihiga,Emuhaya Sub County,West Bunyore Ward
GSM,639,2,5068,2175,0,34.8452,0.10437,2387,2,1,1472750271,1489789489,0,Vihiga,Hamisi Sub County,Shamakhokho Ward
GSM,639,2,5068,5526,0,34.72709656,0.111923218,1000,1,1,1473321963,1473299260,0,Vihiga,Sabatia Sub County,Chavakali Ward
GSM,639,2,5009,3676,0,34.72572327,0.015792847,1000,1,1,1473321963,1473299243,0,Vihiga,Hamisi Sub County,Jepkoyai Ward
GSM,639,2,5009,6080,0,34.731674,0.021286,1000,3,1,1473321963,1489789489,0,Vihiga,Hamisi Sub County,Jepkoyai Ward
GSM,639,2,5009,624,0,34.72709656,0.111923218,1000,1,1,1473321963,1473299260,0,Vihiga,Sabatia Sub County,Chavakali Ward
GSM,639,2,5009,766,0,34.718857,0.015793,1000,2,1,1473321963,1479276029,0,Vihiga,Vihiga Sub County,Central Maragoli Ward
GSM,639,2,5009,771,0,34.73121643,0.013046265,1000,3,1,1473321963,1488861626,0,Vihiga,Hamisi Sub County,Jepkoyai Ward
GSM,639,2,5021,3040,0,34.72572327,0.01991272,1000,1,1,1473321963,1473299243,0,Vihiga,Hamisi Sub County,Jepkoyai Ward
GSM,639,2,5075,5820,0,34.72434998,0.015792847,1000,1,1,1473321964,1473299243,0,Vihiga,Hamisi Sub County,Jepkoyai Ward
GSM,639,2,5075,5824,0,34.72572327,0.015792847,1000,1,1,1473321964,1473299243,0,Vihiga,Hamisi Sub County,Jepkoyai Ward
GSM,639,2,5068,5520,0,34.768295,0.131149,1687,2,1,1473321963,1489747665,0,Vihiga,Sabatia Sub County,Busali Ward
GSM,639,2,5068,2180,0,34.78340149,0.120162964,1000,1,1,1473321963,1473299266,0,Vihiga,Sabatia Sub County,Wodanga Ward
GSM,639,2,5068,2186,0,34.773102,0.118103,1000,2,1,1473321963,1479682914,0,Vihiga,Sabatia Sub County,North Maragoli Ward
GSM,639,2,5009,764,0,34.72709656,0.025405884,1000,1,1,1473321963,1473299248,0,Vihiga,Hamisi Sub County,Jepkoyai Ward
GSM,639,2,5009,6084,0,34.727097,0.043945,1000,2,1,1473321963,1488861626,0,Vihiga,Hamisi Sub County,Jepkoyai Ward
GSM,639,2,5009,760,0,34.72846985,0.018539429,1000,1,1,1473321963,1473299248,0,Vihiga,Hamisi Sub County,Jepkoyai Ward
GSM,639,2,5078,2464,0,34.717484,0.0103,1000,2,1,1473321964,1482588581,0,Vihiga,Hamisi Sub County,Jepkoyai Ward
UMTS,639,2,46016,137750267,0,34.72572327,0.014419556,1000,1,1,1473322112,1473299226,0,Vihiga,Hamisi Sub County,Jepkoyai Ward
UMTS,639,2,46016,137738907,0,34.72434998,0.046005249,1000,1,1,1473322112,1473299226,0,Vihiga,Vihiga Sub County,Central Maragoli Ward
UMTS,639,2,46016,137731887,0,34.74769592,0.121536255,1000,1,1,1473322112,1473299262,0,Vihiga,Sabatia Sub County,Chavakali Ward
UMTS,639,2,46016,137731886,0,34.74632263,0.121536255,1000,1,1,1473322112,1473299262,0,Vihiga,Sabatia Sub County,West Sabatia Ward
UMTS,639,2,46016,137738436,0,34.736023,0.122223,1000,2,1,1473322112,1475063817,0,Vihiga,Sabatia Sub County,West Sabatia Ward
UMTS,639,2,46016,137738438,0,34.72641,0.109177,1000,2,1,1473322112,1475063817,0,Vihiga,Sabatia Sub County,Chavakali Ward
UMTS,639,2,46016,137731888,0,34.72709656,0.110549927,1000,1,1,1473322112,1473299226,0,Vihiga,Sabatia Sub County,Chavakali Ward
UMTS,639,2,46016,137731896,0,34.72709656,0.013046265,1000,2,1,1473322112,1476791010,0,Vihiga,Hamisi Sub County,Jepkoyai Ward
UMTS,639,2,46016,137738440,0,34.73671,0.12291,1000,2,1,1473322112,1475063817,0,Vihiga,Sabatia Sub County,West Sabatia Ward
UMTS,639,2,46016,137737216,0,34.72709656,0.024032593,1000,1,1,1473322112,1473299226,0,Vihiga,Hamisi Sub County,Jepkoyai Ward
UMTS,639,2,46016,137738442,0,34.73121643,0.116043091,1000,2,1,1473322112,1475063817,0,Vihiga,Sabatia Sub County,West Sabatia Ward
UMTS,639,2,46016,137750271,0,34.72709656,0.026779175,1000,1,1,1473322112,1473299226,0,Vihiga,Hamisi Sub County,Jepkoyai Ward
UMTS,639,2,46016,137737218,0,34.72641,0.010986,1000,2,1,1473322112,1476791010,0,Vihiga,Hamisi Sub County,Jepkoyai Ward
UMTS,639,2,46016,137731976,0,34.72572327,0.110549927,1000,1,1,1473322112,1473299226,0,Vihiga,Sabatia Sub County,Chavakali Ward
UMTS,639,2,46016,137713320,0,34.78889465,0.120162964,1000,1,1,1473322112,1473299262,0,Vihiga,Sabatia Sub County,Wodanga Ward
UMTS,639,2,46016,137738911,0,34.72434998,0.04737854,1000,1,1,1473322112,1473299226,0,Vihiga,Vihiga Sub County,Central Maragoli Ward
UMTS,639,2,46016,137713321,0,34.78889465,0.120162964,1000,1,1,1473322112,1473299262,0,Vihiga,Sabatia Sub County,Wodanga Ward
UMTS,639,2,46016,137738447,0,34.73258972,0.12840271,1000,1,1,1475086153,1475063817,0,Vihiga,Sabatia Sub County,West Sabatia Ward
GSM,639,7,14207,2061,0,34.847946,0.131836,1000,2,1,1475196333,1481171319,0,Vihiga,Hamisi Sub County,Muhudu Ward
UMTS,639,2,49331,137734036,0,34.56642151,0.085830688,1000,1,1,1475507509,1475485379,0,Vihiga,Emuhaya Sub County,West Bunyore Ward
UMTS,639,2,49331,137732108,0,34.58015442,0.066604614,1000,1,1,1475507509,1475485379,0,Vihiga,Emuhaya Sub County,West Bunyore Ward
GSM,639,2,5067,376,0,34.591141,0.020828,1000,3,1,1476540323,1483391100,0,Vihiga,Luanda Sub County,Luanda Township Ward
GSM,639,2,5009,4980,0,34.62204,0.042572,4782,2,1,1477141520,1479276029,0,Vihiga,Luanda Sub County,Wemilabi Ward
GSM,639,2,5009,4984,0,34.58152771,0.056991577,1000,1,1,1477148720,1477125648,0,Vihiga,Emuhaya Sub County,West Bunyore Ward
UMTS,639,2,5554,137737217,0,34.73945618,-0.002059937,1000,1,1,1477406272,1477375000,0,Vihiga,Hamisi Sub County,Tambua Ward
GSM,639,3,47,12330,0,34.559555,0.043945,1000,2,1,1477821927,1491384677,0,Vihiga,Luanda Sub County,Mwibona Ward
UMTS,639,2,5554,137732057,0,34.848862,0.127487,1000,3,1,1478406401,1478489168,0,Vihiga,Hamisi Sub County,Muhudu Ward
UMTS,639,2,5554,137733568,0,34.89875793,0.15586853,1000,1,1,1478765221,1478741711,0,Vihiga,Hamisi Sub County,Shiru Ward
UMTS,639,2,5554,137713311,0,34.83558655,0.110549927,1000,1,1,1478765221,1478741711,0,Vihiga,Hamisi Sub County,Shamakhokho Ward
UMTS,639,2,5554,137713307,0,34.8122406,0.113296509,1000,1,1,1478765221,1478741711,0,Vihiga,Sabatia Sub County,Wodanga Ward
UMTS,639,2,5554,137732056,0,34.86717224,0.12840271,1000,1,1,1478765221,1478741711,0,Vihiga,Hamisi Sub County,Shiru Ward
UMTS,639,2,5554,137731887,0,34.73945618,0.124282837,1000,1,1,1478765221,1478741711,0,Vihiga,Sabatia Sub County,West Sabatia Ward
GSM,639,2,5106,2122,0,34.826889,0.172806,8099,3,1,1478765246,1490247170,0,Vihiga,Hamisi Sub County,Muhudu Ward
GSM,639,2,5068,3566,0,34.852982,0.138931,3734,3,1,1478765246,1490247170,0,Vihiga,Hamisi Sub County,Shiru Ward
GSM,639,7,14207,1251,0,34.757996,0.123253,6093,4,1,1479204008,1489747706,0,Vihiga,Sabatia Sub County,West Sabatia Ward
UMTS,639,2,5554,137731987,0,34.6598053,0.017166138,1000,1,1,1479308894,1479276055,0,Vihiga,Vihiga Sub County,Mungoma Ward
UMTS,639,2,5554,137731898,0,34.6598053,0.017166138,1000,1,1,1479308894,1479276055,0,Vihiga,Vihiga Sub County,Mungoma Ward
GSM,639,2,5009,626,0,34.649506,0.022659,1298,2,1,1479309296,1483391100,0,Vihiga,Vihiga Sub County,Mungoma Ward
GSM,639,2,5009,762,0,34.6598053,0.017166138,1000,1,1,1479309296,1479276029,0,Vihiga,Vihiga Sub County,Mungoma Ward
GSM,639,2,5009,4982,0,34.66117859,0.028152466,1000,1,1,1479309296,1479276029,0,Vihiga,Vihiga Sub County,Mungoma Ward
GSM,639,2,5067,1941,0,34.63461,0.02673,3038,6,1,1479309296,1492540200,0,Vihiga,Luanda Sub County,Emabungo Ward
GSM,639,2,5067,1945,0,34.63775,0.027158,2635,4,1,1479309296,1492540200,0,Vihiga,Luanda Sub County,Emabungo Ward
GSM,639,2,5066,3906,0,34.6598053,0.017166138,1000,1,1,1479309296,1479276029,0,Vihiga,Vihiga Sub County,Mungoma Ward
GSM,639,2,5009,4986,0,34.66255188,0.028152466,1000,1,1,1479309296,1479276029,0,Vihiga,Vihiga Sub County,Mungoma Ward
GSM,639,7,14207,2081,0,34.768295,0.109863,2084,2,1,1479706010,1488861626,0,Vihiga,Sabatia Sub County,North Maragoli Ward
GSM,639,7,14207,2082,0,34.764862,0.065231,2982,2,1,1479706010,1488861626,0,Vihiga,Hamisi Sub County,Gisambai Ward
GSM,639,7,14207,2083,0,34.765549,0.119705,3441,3,1,1479706010,1489747706,0,Vihiga,Sabatia Sub County,Chavakali Ward
GSM,639,3,64,26904,0,34.72160339,0.083084106,1000,1,1,1480072505,1480048429,0,Vihiga,Sabatia Sub County,Lyaduywa/izava Ward
GSM,639,2,5071,931,0,34.84794617,0.125656128,1000,1,1,1480889161,1480867513,0,Vihiga,Hamisi Sub County,Shiru Ward
GSM,639,2,5068,1030,0,34.830437,0.080338,6716,4,1,1480921631,1490396213,0,Vihiga,Hamisi Sub County,Shamakhokho Ward
GSM,639,2,5106,670,0,34.84794617,0.125656128,1000,1,1,1481196845,1481167957,0,Vihiga,Hamisi Sub County,Shiru Ward
GSM,639,3,47,15912,0,34.5677948,0.084457397,1000,1,1,1481978868,1481955562,0,Vihiga,Emuhaya Sub County,West Bunyore Ward
GSM,639,2,5067,1942,0,34.587708,0.030212,1634,2,1,1482211628,1483391100,0,Vihiga,Luanda Sub County,Luanda Township Ward
GSM,639,2,5067,2092,0,34.57878113,0.041885376,1000,1,1,1482211628,1482188589,0,Vihiga,Emuhaya Sub County,West Bunyore Ward
GSM,639,2,5067,2096,0,34.57878113,0.043258667,1000,1,1,1482211628,1482188589,0,Vihiga,Emuhaya Sub County,West Bunyore Ward
GSM,639,2,5067,372,0,34.587708,0.021973,1000,2,1,1482211628,1483391100,0,Vihiga,Luanda Sub County,Luanda Township Ward
GSM,639,2,5067,6666,0,34.591141,0.020599,1000,2,1,1482211628,1483391100,0,Vihiga,Luanda Sub County,Luanda Township Ward
GSM,639,2,5067,2094,0,34.58015442,0.050125122,1000,1,1,1482211628,1482188589,0,Vihiga,Emuhaya Sub County,West Bunyore Ward
UMTS,639,2,5554,137803334,0,34.58839417,0.024032593,1000,1,1,1483414106,1483391100,0,Vihiga,Luanda Sub County,Luanda Township Ward
UMTS,639,2,5554,137803333,0,34.58839417,0.024032593,1000,1,1,1483414106,1483391100,0,Vihiga,Luanda Sub County,Luanda Township Ward
GSM,639,2,5146,754,0,34.73053,0.127029,1000,2,1,1483414170,1488861626,0,Vihiga,Sabatia Sub County,West Sabatia Ward
GSM,639,2,5146,750,0,34.73568,0.136642,1895,4,1,1483414170,1490247170,0,Vihiga,Sabatia Sub County,West Sabatia Ward
GSM,639,2,5067,1940,0,34.62684631,0.035018921,1000,1,1,1483414169,1483391100,0,Vihiga,Luanda Sub County,Emabungo Ward
GSM,639,2,5146,751,0,34.731903,0.117416,1000,2,1,1483414170,1488861626,0,Vihiga,Sabatia Sub County,West Sabatia Ward
GSM,639,2,5146,752,0,34.73053,0.115356,1000,2,1,1483414170,1488861626,0,Vihiga,Sabatia Sub County,Chavakali Ward
GSM,639,2,5146,756,0,34.73053,0.11673,1000,2,1,1483414170,1488861626,0,Vihiga,Sabatia Sub County,West Sabatia Ward
UMTS,639,2,5554,137816334,0,34.58702087,0.024032593,1000,1,1,1484485647,1484463580,0,Vihiga,Luanda Sub County,Luanda Township Ward
UMTS,639,2,5560,137778842,0,34.84794617,0.12840271,1000,2,1,1484887380,1484966636,0,Vihiga,Hamisi Sub County,Muhudu Ward
UMTS,639,2,5560,137778846,0,34.84931946,0.127029419,1000,1,1,1484887380,1484815541,0,Vihiga,Hamisi Sub County,Shiru Ward
UMTS,639,2,5560,137797593,0,34.849148,0.128145,1000,16,1,1484887380,1490247134,0,Vihiga,Hamisi Sub County,Muhudu Ward
UMTS,639,7,2002,19736550,0,34.59526062,0.018539429,1000,1,1,1485409618,1485385362,0,Vihiga,Luanda Sub County,Luanda Township Ward
UMTS,639,7,2002,19736547,0,34.59526062,0.018539429,1000,1,1,1485409618,1485385233,0,Vihiga,Luanda Sub County,Luanda Township Ward
GSM,639,2,5067,2905,0,34.57191467,0.080337524,1000,1,1,1485409635,1485385930,0,Vihiga,Emuhaya Sub County,West Bunyore Ward
GSM,639,2,5067,2900,0,34.568481,0.084457,1000,2,1,1485409635,1488116251,0,Vihiga,Emuhaya Sub County,West Bunyore Ward
GSM,639,2,5142,661,0,34.57328796,0.077590942,1000,1,1,1486823566,1486768551,0,Vihiga,Emuhaya Sub County,West Bunyore Ward
GSM,639,2,5142,665,0,34.57328796,0.077590942,1000,1,1,1486823566,1486768838,0,Vihiga,Emuhaya Sub County,West Bunyore Ward
GSM,639,2,5142,2521,0,34.56642151,0.085830688,1000,1,1,1488171174,1488116251,0,Vihiga,Emuhaya Sub County,West Bunyore Ward
GSM,639,2,5142,2525,0,34.56642151,0.085830688,1000,1,1,1488171174,1488116251,0,Vihiga,Emuhaya Sub County,West Bunyore Ward
GSM,639,2,5142,666,0,34.56642151,0.085830688,1000,1,1,1488171174,1488116251,0,Vihiga,Emuhaya Sub County,West Bunyore Ward
GSM,639,2,5142,662,0,34.56642151,0.085830688,1000,1,1,1488171174,1488116251,0,Vihiga,Emuhaya Sub County,West Bunyore Ward
GSM,639,2,5068,1034,0,34.846573,0.071182,1528,3,1,1488776887,1490396213,0,Vihiga,Hamisi Sub County,Banja Ward
GSM,639,2,5068,1020,0,34.852753,0.081711,1000,2,1,1488776887,1489789489,0,Vihiga,Hamisi Sub County,Shamakhokho Ward
GSM,639,2,5068,1031,0,34.850693,0.076675,1000,3,1,1488776887,1490396213,0,Vihiga,Hamisi Sub County,Banja Ward
GSM,639,2,5068,1024,0,34.853439,0.082397,1000,2,1,1488776887,1489789489,0,Vihiga,Hamisi Sub County,Shamakhokho Ward
GSM,639,2,5068,1022,0,34.844742,0.06752,1983,3,1,1488776887,1490396213,0,Vihiga,Hamisi Sub County,Banja Ward
UMTS,639,2,5560,137803967,0,34.85069275,0.12840271,1000,1,1,1488838443,1488788551,0,Vihiga,Hamisi Sub County,Muhudu Ward
UMTS,639,2,5562,137815887,0,34.85069275,0.12840271,1000,1,1,1488838443,1488788551,0,Vihiga,Hamisi Sub County,Muhudu Ward
UMTS,639,7,2002,19737589,0,34.71748352,0.07484436,1000,1,1,1488894720,1488861620,0,Vihiga,Vihiga Sub County,Lugaga-wamuluma Ward
UMTS,639,7,2002,19737587,0,34.7202301,0.092697144,1000,1,1,1488894720,1488861620,0,Vihiga,Sabatia Sub County,Lyaduywa/izava Ward
GSM,639,2,5068,4846,0,34.74494934,-0.014419556,1000,1,1,1488895178,1488861626,0,Vihiga,Hamisi Sub County,Tambua Ward
GSM,639,2,5146,755,0,34.73258972,0.117416382,1000,1,1,1488895189,1488861626,0,Vihiga,Sabatia Sub County,West Sabatia Ward
GSM,639,7,14207,1252,0,34.72297668,0.051498413,1000,1,1,1488895192,1488861626,0,Vihiga,Vihiga Sub County,Central Maragoli Ward
GSM,639,7,14207,1271,0,34.72434998,0.048751831,1000,1,1,1488895193,1488861626,0,Vihiga,Vihiga Sub County,Central Maragoli Ward
GSM,639,2,5146,2182,0,34.73808289,0.124282837,1000,1,1,1488895190,1488861626,0,Vihiga,Sabatia Sub County,West Sabatia Ward
GSM,639,7,14207,1243,0,34.73396301,0.118789673,1000,1,1,1488895192,1488861626,0,Vihiga,Sabatia Sub County,West Sabatia Ward
UMTS,639,2,5554,137799593,0,34.58976746,0.022659302,1000,1,1,1489140821,1489118384,0,Vihiga,Luanda Sub County,Luanda Township Ward
UMTS,639,2,5560,137778592,0,34.72846985,0.048751831,1000,1,1,1489345322,1489320447,0,Vihiga,Vihiga Sub County,Central Maragoli Ward
UMTS,639,2,5560,137802194,0,34.75456238,0.06111145,1000,1,1,1489345322,1489320447,0,Vihiga,Hamisi Sub County,Gisambai Ward
UMTS,639,2,5560,137797583,0,34.76829529,0.081710815,1000,1,1,1489345322,1489320447,0,Vihiga,Sabatia Sub County,North Maragoli Ward
UMTS,639,2,5560,137797582,0,34.801254,0.076218,1000,2,1,1489345322,1489789489,0,Vihiga,Hamisi Sub County,Gisambai Ward
UMTS,639,2,5560,137777427,0,34.766235,0.098877,1910,2,1,1489345322,1490247140,0,Vihiga,Sabatia Sub County,North Maragoli Ward
GSM,639,2,5068,2171,0,34.802628,0.144196,7097,2,1,1489688437,1489789489,0,Vihiga,Sabatia Sub County,Busali Ward
UMTS,639,2,5560,137797702,0,34.84108,0.059052,1000,2,1,1489810000,1490396213,0,Vihiga,Hamisi Sub County,Banja Ward
UMTS,639,2,5560,137797703,0,34.842453,0.060425,1000,2,1,1489810000,1490396213,0,Vihiga,Hamisi Sub County,Banja Ward
UMTS,639,2,5560,137797704,0,34.83970642,0.055618286,1000,1,1,1489810000,1489789489,0,Vihiga,Hamisi Sub County,Banja Ward
UMTS,639,2,5560,137778843,0,34.84382629,0.095443726,1000,1,1,1489810000,1489789489,0,Vihiga,Hamisi Sub County,Shamakhokho Ward
UMTS,639,2,5560,137797706,0,34.85343933,0.078964233,1000,1,1,1489810000,1489789489,0,Vihiga,Hamisi Sub County,Shamakhokho Ward
GSM,639,2,5068,2170,0,34.84382629,0.095443726,1000,1,1,1489810017,1489789489,0,Vihiga,Hamisi Sub County,Shamakhokho Ward
GSM,639,2,5068,1036,0,34.803314,0.024719,1085,2,1,1489810017,1490396213,0,Vihiga,Hamisi Sub County,Tambua Ward
GSM,639,2,5146,2181,0,34.84382629,0.095443726,1000,1,1,1489810017,1489789489,0,Vihiga,Hamisi Sub County,Shamakhokho Ward
GSM,639,2,5146,2185,0,34.84382629,0.095443726,1000,1,1,1489810017,1489789489,0,Vihiga,Hamisi Sub County,Shamakhokho Ward
GSM,639,2,5068,1026,0,34.84519958,0.077590942,1000,1,1,1489810017,1489789489,0,Vihiga,Hamisi Sub County,Banja Ward
UMTS,639,2,5560,137797597,0,34.847946,0.125656,1000,3,1,1489843717,1490247134,0,Vihiga,Hamisi Sub County,Shiru Ward
UMTS,639,2,45589,137777044,0,34.585648,0.026093,1000,2,1,1490065095,1491883867,0,Vihiga,Luanda Sub County,Luanda Township Ward
LTE,639,2,12023,5139205,0,34.74769592,0.121536255,1000,1,1,1490273433,1490247129,0,Vihiga,Sabatia Sub County,Chavakali Ward
LTE,639,2,12023,5139204,0,34.74082947,0.131149292,1000,1,1,1490273433,1490247129,0,Vihiga,Sabatia Sub County,West Sabatia Ward
UMTS,639,2,5560,137797592,0,34.86579895,0.131149292,1000,1,1,1490273611,1490247134,0,Vihiga,Hamisi Sub County,Shiru Ward
UMTS,639,2,5560,137798794,0,34.89463806,0.151748657,1000,1,1,1490273611,1490247134,0,Vihiga,Hamisi Sub County,Shiru Ward
UMTS,639,2,5560,137803494,0,34.7504425,0.122909546,1000,1,1,1490273611,1490247140,0,Vihiga,Sabatia Sub County,West Sabatia Ward
UMTS,639,2,5560,137778858,0,34.78065491,0.118789673,1000,1,1,1490273611,1490247134,0,Vihiga,Sabatia Sub County,Wodanga Ward
UMTS,639,2,5560,137798798,0,34.90287781,0.153121948,1000,1,1,1490273611,1490247134,0,Vihiga,Hamisi Sub County,Shiru Ward
UMTS,639,2,5560,137797423,0,34.74906921,0.122909546,1000,1,1,1490273611,1490247140,0,Vihiga,Sabatia Sub County,West Sabatia Ward
UMTS,639,2,5560,137778856,0,34.78752136,0.120162964,1000,1,1,1490273611,1490247134,0,Vihiga,Sabatia Sub County,Wodanga Ward
UMTS,639,2,5560,137777423,0,34.74769592,0.121536255,1000,1,1,1490273610,1490247140,0,Vihiga,Sabatia Sub County,Chavakali Ward
UMTS,639,2,5560,137778848,0,34.81773376,0.113296509,1000,1,1,1490273611,1490247134,0,Vihiga,Sabatia Sub County,Wodanga Ward
UMTS,639,2,5560,137778857,0,34.79438782,0.121536255,1000,1,1,1490273611,1490247134,0,Vihiga,Sabatia Sub County,Wodanga Ward
UMTS,639,2,5560,137778847,0,34.83009338,0.110549927,1000,1,1,1490273611,1490247134,0,Vihiga,Hamisi Sub County,Shamakhokho Ward
UMTS,639,2,5560,137797596,0,34.86167908,0.12840271,1000,1,1,1490273611,1490247134,0,Vihiga,Hamisi Sub County,Shiru Ward
UMTS,639,2,5560,137777456,0,34.90287781,0.157241821,1000,1,1,1490273611,1490247134,0,Vihiga,Hamisi Sub County,Shiru Ward
GSM,639,2,5068,3560,0,34.87266541,0.131149292,1000,1,1,1490273736,1490247170,0,Vihiga,Hamisi Sub County,Shiru Ward
GSM,639,2,5106,2436,0,34.87266541,0.132522583,1000,1,1,1490273736,1490247135,0,Vihiga,Hamisi Sub County,Shiru Ward
GSM,639,2,5068,3564,0,34.87266541,0.132522583,1000,1,1,1490273736,1490247170,0,Vihiga,Hamisi Sub County,Shiru Ward
GSM,639,2,5106,2126,0,34.86991882,0.129776001,1000,1,1,1490273736,1490247170,0,Vihiga,Hamisi Sub County,Shiru Ward
GSM,639,2,5146,2191,0,34.87266541,0.131149292,1000,1,1,1490273737,1490247170,0,Vihiga,Hamisi Sub County,Shiru Ward
UMTS,639,2,45589,137799572,0,34.56642151,0.085830688,1000,1,1,1491905565,1491883867,0,Vihiga,Emuhaya Sub County,West Bunyore Ward
UMTS,639,2,45589,137797176,0,34.56230164,-0.030899048,1000,1,1,1491905565,1491883867,0,Vihiga,Luanda Sub County,Luanda South Ward
UMTS,639,2,45589,137799193,0,34.55680847,0.085830688,1000,1,1,1491905565,1491883867,0,Vihiga,Emuhaya Sub County,West Bunyore Ward
UMTS,639,2,45589,137801214,0,34.58427429,-0.014419556,1000,1,1,1491905565,1491883867,0,Vihiga,Luanda Sub County,Luanda South Ward
GSM,639,2,5652,666,0,34.56642151,0.085830688,1000,1,1,1491905683,1491883867,0,Vihiga,Emuhaya Sub County,West Bunyore Ward
GSM,639,2,51987,2901,0,34.56642151,0.085830688,1000,1,1,1491905683,1491883867,0,Vihiga,Emuhaya Sub County,West Bunyore Ward
GSM,639,2,51987,2900,0,34.56642151,0.085830688,1000,1,1,1491905683,1491883867,0,Vihiga,Emuhaya Sub County,West Bunyore Ward
GSM,639,2,51987,2904,0,34.56642151,0.085830688,1000,1,1,1491905683,1491883867,0,Vihiga,Emuhaya Sub County,West Bunyore Ward
UMTS,639,2,5554,137779592,0,34.6131134,-0.000686646,1000,2,1,1492131919,1492412233,0,Vihiga,Luanda Sub County,Emabungo Ward
UMTS,639,2,45589,137798767,0,34.6131134,0.043258667,1000,1,1,1492134149,1492003323,0,Vihiga,Luanda Sub County,Wemilabi Ward
UMTS,639,2,5560,137797587,0,34.625999,0.024688,1000,1,1,1492540200,1492540200,0,Vihiga,Luanda Sub County,Emabungo Ward
UMTS,639,2,5560,137802198,0,34.626339,0.025624,1000,1,1,1492540200,1492540200,0,Vihiga,Luanda Sub County,Emabungo Ward
UMTS,639,3,304,369254,0,34.732672,0.014155,2640,4,1,1494245943,1494245967,0,Vihiga,Hamisi Sub County,Jepkoyai Ward
UMTS,639,3,304,392171,0,34.584673,0.027589,1000,10,1,1518943467,1518943783,0,Vihiga,Luanda Sub County,Luanda Township Ward
UMTS,639,2,5572,137842422,0,34.742089,-0.022183,1000,2,1,1525932935,1525932994,0,Vihiga,Hamisi Sub County,Tambua Ward
UMTS,639,3,401,719863,0,34.70641,0.033832,1000,10,1,1546083041,1546090653,0,Vihiga,Vihiga Sub County,Central Maragoli Ward
